,date,tweet_count,daily_sent,elonmusk,michael_saylor,binance,peterlbrandt,apompliano,cashapp,raoulgmi,tyler,squawkcnbc,scottmelker
2021-04-16,2021-04-16,13,0.1318076923076923,0,0,0,0,0,0,0,0,0,0
2021-04-15,2021-04-15,12,0.43782499999999996,0,0,1,0,0,0,0,0,0,0
2021-04-14,2021-04-14,11,0.4274090909090909,0,0,0,0,0,0,0,1,1,1
2021-04-13,2021-04-13,21,0.25040000000000007,0,0,0,0,1,0,0,0,1,1
2021-04-12,2021-04-12,17,0.5116235294117647,0,1,0,0,0,0,0,1,1,0
2021-04-10,2021-04-10,7,0.20265714285714287,0,0,0,0,0,0,1,0,0,0
2021-04-09,2021-04-09,3,-0.2904333333333333,0,0,0,0,0,0,0,0,1,0
2021-04-08,2021-04-08,7,0.09094285714285714,0,1,0,0,0,0,0,1,0,0
2021-04-07,2021-04-07,5,0.10551999999999999,0,0,0,0,0,0,0,0,0,0
2021-04-06,2021-04-06,3,-0.2864,0,0,0,0,0,0,0,0,0,0
2021-04-05,2021-04-05,4,0.267675,0,0,0,0,0,0,0,0,1,0
2021-04-04,2021-04-04,3,0.07183333333333332,0,1,0,0,0,0,0,0,0,0
2021-04-03,2021-04-03,2,-0.125,0,0,0,0,0,0,0,0,0,0
2021-04-02,2021-04-02,3,-0.0602,0,0,0,1,0,0,0,0,0,0
2021-04-01,2021-04-01,6,0.5733333333333334,0,0,0,0,0,0,0,0,0,0
2021-03-31,2021-03-31,5,0.37426,0,0,0,0,0,0,0,0,0,0
2021-03-30,2021-03-30,6,0.34231666666666666,0,1,0,0,0,0,0,0,0,0
2021-03-29,2021-03-29,5,0.14887999999999996,0,0,0,1,0,0,0,0,0,0
2021-03-28,2021-03-28,3,0.18310000000000004,0,0,0,0,0,0,0,0,0,0
2021-03-27,2021-03-27,1,0.7783,0,0,0,0,0,0,0,0,0,0
2021-03-26,2021-03-26,5,0.11226,0,0,0,0,0,0,0,0,1,1
2021-03-25,2021-03-25,6,0.13835,0,0,0,0,0,0,0,0,0,1
2021-03-24,2021-03-24,13,0.4386,0,1,1,1,0,0,0,1,0,1
2021-03-23,2021-03-23,4,0.327275,0,1,0,0,0,0,0,0,0,0
2021-03-22,2021-03-22,4,0.5179750000000001,0,0,0,0,0,0,0,0,0,0
2021-03-21,2021-03-21,2,-0.7634000000000001,0,0,0,0,0,0,1,0,0,0
2021-03-20,2021-03-20,1,-0.2617,0,0,0,0,0,0,0,0,0,0
2021-03-19,2021-03-19,4,0.6433000000000001,0,0,1,0,0,0,0,1,0,0
2021-03-18,2021-03-18,6,0.53665,0,1,0,1,0,0,0,0,1,0
2021-03-17,2021-03-17,3,0.7511666666666666,0,0,0,0,0,1,0,0,0,0
2021-03-16,2021-03-16,4,0.020600000000000007,0,0,0,0,0,0,0,0,0,0
2021-03-15,2021-03-15,6,0.14168333333333333,0,0,0,0,0,0,0,0,0,0
2021-03-14,2021-03-14,2,0.17495,0,0,0,0,0,0,0,0,0,0
2021-03-13,2021-03-13,8,0.2706875,0,0,1,0,0,0,0,0,0,1
2021-03-12,2021-03-12,3,0.22116666666666665,1,0,0,0,0,0,0,0,0,0
2021-03-11,2021-03-11,3,0.4102333333333334,0,0,0,0,0,0,0,0,0,0
2021-03-10,2021-03-10,4,0.434475,0,0,0,0,0,0,0,0,0,1
2021-03-09,2021-03-09,3,0.4774,0,0,0,0,0,0,0,0,0,0
2021-03-08,2021-03-08,4,0.5817,0,1,0,0,0,0,1,0,0,0
2021-03-07,2021-03-07,6,0.20419999999999996,0,0,1,1,0,0,0,0,0,0
2021-03-06,2021-03-06,1,-0.2551,0,0,0,0,0,0,0,0,0,0
2021-03-05,2021-03-05,4,0.13849999999999998,0,0,0,0,0,0,0,0,0,0
2021-03-04,2021-03-04,2,-0.11960000000000001,0,0,0,1,0,0,0,0,0,0
2021-03-03,2021-03-03,4,-0.14467499999999997,0,0,0,1,0,0,0,0,0,0
2021-03-02,2021-03-02,3,-0.1334,0,0,0,0,0,0,0,0,0,0
2021-03-01,2021-03-01,6,0.23878333333333332,0,0,0,0,0,0,0,0,0,0
2021-02-28,2021-02-28,6,0.1711166666666666,0,0,0,0,0,0,0,0,0,1
2021-02-27,2021-02-27,2,0.3586,0,0,0,0,1,0,0,0,0,0
2021-02-26,2021-02-26,5,0.09318,0,0,0,0,0,0,0,0,0,0
2021-02-25,2021-02-25,5,0.46159999999999995,0,0,0,0,0,0,0,0,0,1
2021-02-24,2021-02-24,3,-0.07386666666666666,0,0,0,0,0,0,0,0,0,0
2021-02-23,2021-02-23,5,0.20962,0,1,0,0,0,0,0,0,1,0
2021-02-22,2021-02-22,7,0.08935714285714284,0,0,0,1,0,0,0,0,0,0
2021-02-21,2021-02-21,8,0.13403750000000003,0,1,0,0,1,0,1,0,0,0
2021-02-20,2021-02-20,5,0.44824,0,0,0,0,0,0,0,0,0,0
2021-02-19,2021-02-19,8,0.4903,0,0,0,0,0,0,0,1,0,0
2021-02-18,2021-02-18,3,0.3086333333333333,0,0,0,0,0,0,0,0,0,0
2021-02-17,2021-02-17,15,0.04426666666666668,0,0,1,1,1,0,1,0,1,1
2021-02-16,2021-02-16,8,0.26895,0,0,0,0,0,0,0,0,1,0
2021-02-15,2021-02-15,6,0.08081666666666666,0,0,0,0,0,0,0,0,0,0
2021-02-14,2021-02-14,4,-0.15292499999999998,0,0,1,0,0,0,0,0,0,0
2021-02-13,2021-02-13,5,0.08009999999999995,0,0,0,0,0,0,0,0,0,0
2021-02-12,2021-02-12,7,0.6816857142857143,0,0,1,0,1,0,0,0,0,1
2021-02-11,2021-02-11,8,0.3999250000000001,0,0,0,0,0,0,0,0,1,1
2021-02-10,2021-02-10,4,-0.0029749999999999985,0,0,0,0,1,0,0,0,1,0
2021-02-09,2021-02-09,9,0.31734444444444443,0,0,0,0,0,0,0,0,1,0
2021-02-08,2021-02-08,17,0.16554705882352944,0,0,0,0,0,0,0,0,1,1
2021-02-07,2021-02-07,4,-0.09184999999999999,0,0,0,0,0,0,0,0,0,0
2021-02-06,2021-02-06,5,0.29816000000000004,0,0,0,0,0,0,0,0,0,0
2021-02-05,2021-02-05,2,0.3982,0,0,0,0,0,0,0,0,0,0
2021-02-04,2021-02-04,1,0.5849,0,1,0,0,0,0,0,0,0,0
2021-02-03,2021-02-03,1,-0.75,0,0,0,0,0,0,0,0,0,0
2021-02-02,2021-02-02,1,0.6808,0,0,0,0,0,0,0,0,0,0
2021-02-01,2021-02-01,2,0.0,0,0,0,1,0,0,0,0,0,0
2021-01-31,2021-01-31,1,0.2732,0,0,0,0,0,0,0,0,0,0
2021-01-30,2021-01-30,3,-0.045366666666666645,0,0,0,0,0,0,0,0,0,0
2021-01-29,2021-01-29,7,0.6052142857142858,0,0,0,1,0,0,0,0,0,0
2021-01-28,2021-01-28,3,0.0,0,0,0,0,0,0,0,1,0,0
2021-01-27,2021-01-27,3,-0.1998,0,0,1,0,0,0,0,0,0,0
2021-01-26,2021-01-26,1,0.8883,0,0,1,0,0,0,0,0,0,0
2021-01-25,2021-01-25,7,0.5116857142857143,0,1,1,0,0,0,0,0,0,0
2021-01-24,2021-01-24,3,0.6759666666666666,0,0,0,0,0,0,0,0,0,0
2021-01-23,2021-01-23,1,-0.2944,0,0,0,0,0,0,0,0,0,0
2021-01-22,2021-01-22,8,0.394825,0,1,0,0,0,0,0,0,0,0
2021-01-21,2021-01-21,1,0.0,0,0,0,0,0,0,0,0,0,1
2021-01-20,2021-01-20,4,-0.048125,0,0,1,0,0,0,0,0,0,0
2021-01-19,2021-01-19,1,-0.6908,0,0,0,0,0,0,0,0,0,0
2021-01-18,2021-01-18,2,0.72585,0,0,0,0,0,0,0,1,0,0
2021-01-17,2021-01-17,3,0.5015666666666667,0,0,0,0,0,0,0,0,0,0
2021-01-16,2021-01-16,2,0.9218,0,0,1,0,0,0,0,0,0,0
2021-01-15,2021-01-15,5,0.1941,0,0,1,0,0,0,0,0,0,0
2021-01-14,2021-01-14,6,0.4080166666666667,0,0,1,0,0,0,0,0,0,0
2021-01-13,2021-01-13,6,0.44435,0,0,1,0,0,0,0,1,0,0
2021-01-12,2021-01-12,3,0.5188333333333334,0,0,0,0,0,0,0,0,0,0
2021-01-11,2021-01-11,11,0.08827272727272728,0,0,1,0,0,0,0,0,1,0
2021-01-10,2021-01-10,6,0.03316666666666668,0,0,1,0,0,0,0,0,0,0
2021-01-09,2021-01-09,3,-0.28053333333333336,0,0,0,0,0,0,0,0,0,0
2021-01-08,2021-01-08,5,0.29056,0,0,0,0,0,0,0,0,0,0
2021-01-07,2021-01-07,14,0.058721428571428556,0,0,1,1,0,0,0,0,1,0
2021-01-06,2021-01-06,8,0.0194625,0,0,1,0,0,0,0,0,0,0
2021-01-05,2021-01-05,2,0.33115,0,0,1,0,0,0,0,0,0,0
2021-01-04,2021-01-04,8,0.25475,0,0,0,0,0,0,0,0,1,0
2021-01-03,2021-01-03,4,0.031125,0,0,0,0,0,0,0,0,0,0
2021-01-02,2021-01-02,10,0.19282999999999997,0,0,1,0,0,0,0,0,0,1
2021-01-01,2021-01-01,2,0.8688,0,0,0,0,0,0,0,0,0,0
2020-12-31,2020-12-31,4,-0.161775,0,0,0,0,0,0,0,0,0,0
2020-12-30,2020-12-30,6,0.23696666666666666,0,0,1,0,0,0,0,0,0,0
2020-12-29,2020-12-29,14,0.0468,0,0,0,0,0,0,0,0,0,1
2020-12-28,2020-12-28,5,0.07301999999999997,0,1,0,0,0,0,0,0,0,0
2020-12-27,2020-12-27,8,0.021900000000000003,0,0,1,1,0,0,0,0,0,0
2020-12-26,2020-12-26,5,0.2398,0,0,0,0,0,0,0,0,0,0
2020-12-25,2020-12-25,4,0.52825,0,0,1,0,1,0,0,0,0,0
2020-12-24,2020-12-24,1,0.0516,0,0,0,0,0,0,0,0,1,0
2020-12-23,2020-12-23,4,-0.0676,0,1,0,0,0,0,0,0,0,0
2020-12-22,2020-12-22,5,0.7010200000000001,0,1,0,0,0,0,0,0,0,1
2020-12-21,2020-12-21,4,0.6019000000000001,0,1,0,0,0,0,0,0,0,0
2020-12-20,2020-12-20,3,-0.19323333333333334,0,0,0,0,0,0,0,1,0,0
2020-12-19,2020-12-19,2,0.4417,0,0,0,0,0,0,0,0,0,0
2020-12-18,2020-12-18,9,0.36817777777777777,0,1,0,0,0,1,0,0,1,0
2020-12-17,2020-12-17,7,0.20941428571428575,0,0,1,0,0,0,0,0,0,0
2020-12-16,2020-12-16,6,0.43554999999999994,0,0,1,0,0,0,0,0,0,0
2020-12-15,2020-12-15,3,0.31783333333333336,0,0,1,0,0,0,0,0,0,0
2020-12-14,2020-12-14,4,0.3061,0,1,1,0,0,0,0,0,0,0
2020-12-11,2020-12-11,5,0.34021999999999997,0,1,1,0,0,0,0,0,0,1
2020-12-10,2020-12-10,1,0.8034,0,0,0,0,0,0,0,0,0,0
2020-12-09,2020-12-09,1,0.508,0,0,0,0,0,0,0,0,0,0
2020-12-08,2020-12-08,2,0.04400000000000001,0,0,0,0,0,0,0,0,0,0
2020-12-07,2020-12-07,3,0.37516666666666665,0,0,1,0,0,0,0,0,0,0
2020-12-06,2020-12-06,3,0.8783666666666666,0,0,1,0,0,0,0,0,0,0
2020-12-05,2020-12-05,1,0.7351,0,0,0,0,0,0,0,0,0,0
2020-12-04,2020-12-04,3,0.5113666666666666,0,0,0,0,0,0,0,0,1,0
2020-12-03,2020-12-03,1,0.7424,0,0,0,0,0,0,0,1,0,0
2020-12-02,2020-12-02,3,0.5072666666666666,0,0,1,0,0,0,0,0,0,0
2020-12-01,2020-12-01,3,-0.30006666666666665,0,0,0,1,0,0,0,0,0,0
2020-11-30,2020-11-30,5,0.2902,0,0,0,1,0,0,0,0,1,0
2020-11-28,2020-11-28,2,-0.5511,0,0,0,0,0,0,0,0,0,0
2020-11-27,2020-11-27,1,0.2023,0,0,0,0,0,0,0,0,1,0
2020-11-26,2020-11-26,4,-0.178025,0,0,0,0,0,0,0,1,0,0
2020-11-25,2020-11-25,3,-0.24570000000000003,0,0,0,0,0,0,0,0,1,0
2020-11-24,2020-11-24,1,0.3612,0,0,0,0,0,0,0,0,0,0
2020-11-23,2020-11-23,4,0.467175,0,0,0,0,0,0,0,0,0,0
2020-11-22,2020-11-22,3,0.12626666666666667,0,1,1,0,0,0,0,0,0,0
2020-11-21,2020-11-21,3,0.16293333333333335,0,0,1,0,0,0,0,0,0,0
2020-11-20,2020-11-20,4,0.7932,0,0,0,0,0,0,0,0,1,0
2020-11-19,2020-11-19,3,0.5417666666666667,0,1,0,0,0,0,0,0,1,0
2020-11-18,2020-11-18,6,0.08838333333333337,0,1,1,0,0,0,0,0,0,0
2020-11-17,2020-11-17,8,-0.02504999999999999,0,0,1,0,1,0,1,0,0,0
2020-11-16,2020-11-16,5,0.04506,0,0,1,1,0,0,0,0,0,0
2020-11-13,2020-11-13,1,0.7184,0,0,0,0,0,0,0,0,0,0
2020-11-12,2020-11-12,4,-0.125425,0,0,0,0,0,0,0,0,0,0
2020-11-11,2020-11-11,2,0.5242,0,1,1,0,0,0,0,0,0,0
2020-11-10,2020-11-10,2,0.0258,0,1,0,0,0,0,0,0,0,0
2020-11-09,2020-11-09,2,0.73525,0,1,0,0,0,0,0,0,0,0
2020-11-08,2020-11-08,2,0.2496,0,0,0,0,0,0,0,0,0,0
2020-11-07,2020-11-07,1,0.4215,0,0,0,0,0,0,0,0,0,0
2020-11-06,2020-11-06,1,0.902,0,0,0,0,0,0,0,0,0,0
2020-11-05,2020-11-05,3,0.11519999999999998,0,0,0,1,1,0,0,0,0,1
2020-11-04,2020-11-04,4,0.520775,0,0,0,0,0,0,0,0,1,0
2020-11-03,2020-11-03,1,0.8271,0,1,0,0,0,0,0,0,0,0
2020-11-02,2020-11-02,1,0.7964,0,1,0,0,0,0,0,0,0,0
2020-11-01,2020-11-01,3,0.32703333333333334,0,0,0,1,0,0,0,0,0,1
2020-10-31,2020-10-31,1,0.5859,0,0,0,0,0,0,0,0,0,0
2020-10-28,2020-10-28,6,0.22771666666666668,0,1,0,0,0,0,1,0,0,0
2020-10-27,2020-10-27,7,0.21495714285714287,0,0,1,1,0,0,1,1,0,1
2020-10-26,2020-10-26,1,0.0,0,0,0,0,0,0,0,0,0,0
2020-10-25,2020-10-25,1,0.6467,0,0,0,0,0,0,0,0,0,0
2020-10-24,2020-10-24,1,0.1779,0,0,0,0,0,0,0,0,0,0
2020-10-23,2020-10-23,5,0.5614000000000001,0,0,0,0,0,0,0,0,0,0
2020-10-22,2020-10-22,6,0.46996666666666664,0,0,0,0,0,0,1,1,1,1
2020-10-21,2020-10-21,14,0.5277428571428572,0,0,0,1,0,0,0,1,0,1
2020-10-20,2020-10-20,7,0.6163571428571429,0,0,0,0,1,0,0,0,0,0
2020-10-19,2020-10-19,5,0.53668,0,0,0,0,0,0,0,0,0,1
2020-10-17,2020-10-17,4,0.8032250000000001,0,0,0,0,0,0,0,0,0,0
2020-10-16,2020-10-16,6,0.5070166666666667,0,0,0,0,0,0,0,0,0,0
2020-10-15,2020-10-15,1,0.9186,0,0,0,0,0,0,0,0,0,0
2020-10-13,2020-10-13,1,0.3612,0,1,0,0,0,0,0,0,0,0
2020-10-12,2020-10-12,3,0.28450000000000003,0,0,0,0,0,0,0,0,0,0
2020-10-10,2020-10-10,2,0.0701,0,0,0,0,0,0,0,0,0,0
2020-10-08,2020-10-08,1,-0.296,0,0,0,0,0,0,0,0,0,0
2020-10-07,2020-10-07,1,0.7378,0,0,0,0,0,0,0,0,0,0
2020-10-05,2020-10-05,2,0.73125,0,0,0,0,0,0,0,0,0,0
2020-10-04,2020-10-04,1,-0.2514,0,0,1,0,0,0,0,0,0,0
2020-10-02,2020-10-02,2,0.0,0,0,0,0,0,0,0,0,0,0
2020-09-30,2020-09-30,1,0.807,0,0,0,0,0,0,0,0,0,0
2020-09-28,2020-09-28,2,0.68485,0,0,0,0,0,0,0,0,0,0
2020-09-27,2020-09-27,2,0.1881,0,1,0,0,0,0,0,0,0,0
2020-09-25,2020-09-25,2,0.6643,0,0,0,0,0,0,0,0,0,0
2020-09-24,2020-09-24,1,0.8386,0,0,0,0,0,0,0,0,0,1
2020-09-23,2020-09-23,2,0.67355,0,1,0,0,0,0,0,0,0,0
2020-09-21,2020-09-21,2,0.6265499999999999,0,0,0,0,0,0,1,0,0,0
2020-09-20,2020-09-20,3,0.4098,0,0,0,0,0,0,0,0,0,0
2020-09-19,2020-09-19,1,0.2933,0,0,0,0,0,0,0,0,0,0
2020-09-18,2020-09-18,1,0.8591,0,0,0,0,0,0,0,0,0,0
2020-09-17,2020-09-17,2,0.3548,0,1,0,0,0,0,0,0,0,0
2020-09-16,2020-09-16,1,0.7717,0,0,0,0,0,0,0,0,0,0
2020-09-14,2020-09-14,1,0.9323,0,0,0,0,0,0,0,0,0,0
2020-09-11,2020-09-11,1,0.0,0,0,1,0,0,0,0,0,0,0
2020-09-10,2020-09-10,1,0.765,0,0,0,0,0,0,0,0,0,0
2020-09-08,2020-09-08,2,0.061850000000000016,0,0,0,0,0,0,0,0,0,0
2020-09-07,2020-09-07,2,0.4063,0,0,0,0,0,0,1,0,0,0
2020-09-02,2020-09-02,1,0.6808,0,0,0,0,0,0,0,0,0,0
2020-09-01,2020-09-01,2,0.8254,0,0,1,0,0,0,0,0,0,0
2020-08-31,2020-08-31,2,0.59325,0,0,0,0,0,0,0,0,0,1
2020-08-28,2020-08-28,2,-0.2802,0,0,0,0,0,0,1,0,0,0
2020-08-27,2020-08-27,2,0.67545,0,0,0,0,0,0,0,0,0,0
2020-08-24,2020-08-24,3,0.010966666666666644,0,0,0,0,0,0,0,0,0,0
2020-08-23,2020-08-23,2,0.6294,0,0,1,0,0,0,0,0,0,0
2020-08-21,2020-08-21,3,0.6185333333333333,0,0,0,0,0,0,0,0,0,0
2020-08-20,2020-08-20,1,-0.2924,0,0,0,0,0,0,0,0,0,0
2020-08-18,2020-08-18,1,0.9589,0,0,0,0,0,0,0,0,0,0
2020-08-17,2020-08-17,2,0.32905,0,0,0,0,0,0,1,0,0,0
2020-08-16,2020-08-16,1,0.7489,0,0,1,0,0,0,0,0,0,0
2020-08-15,2020-08-15,3,0.31083333333333335,0,0,0,0,0,0,0,1,0,0
2020-08-14,2020-08-14,1,0.9095,0,0,1,0,0,0,0,0,0,0
2020-08-10,2020-08-10,1,0.7902,0,0,0,0,0,0,1,0,0,0
2020-08-06,2020-08-06,1,0.8737,0,0,0,0,0,0,1,0,0,0
2020-08-05,2020-08-05,1,-0.2263,0,0,0,0,0,0,0,0,0,0
2020-08-04,2020-08-04,1,0.0,0,0,0,0,0,0,0,0,0,0
2020-08-03,2020-08-03,1,0.0,0,0,0,0,0,0,0,0,0,0
2020-08-01,2020-08-01,2,0.4539,0,0,0,0,0,0,0,0,0,1
2020-07-31,2020-07-31,1,0.6124,0,0,0,0,0,0,0,0,0,1
2020-07-28,2020-07-28,1,0.0,0,0,0,1,0,0,0,0,0,0
2020-07-27,2020-07-27,4,0.0899,0,0,0,1,1,0,1,0,0,1
2020-07-22,2020-07-22,2,-0.2294,0,0,0,1,0,0,0,0,0,1
2020-07-21,2020-07-21,1,-0.5228,0,0,0,0,0,0,1,0,0,0
2020-07-19,2020-07-19,1,0.0,0,0,0,0,0,0,0,0,0,0
2020-07-18,2020-07-18,1,0.0,0,0,0,0,0,0,0,0,0,0
2020-07-17,2020-07-17,1,0.9169,0,0,0,0,0,0,0,0,0,0
2020-07-16,2020-07-16,2,0.17,0,0,0,0,0,0,0,0,0,0
2020-07-15,2020-07-15,3,-0.16256666666666666,0,0,0,0,0,0,0,0,0,0
2020-07-13,2020-07-13,1,-0.34,0,0,0,0,0,0,0,0,0,0
2020-07-12,2020-07-12,3,0.5651333333333334,0,0,0,0,0,0,0,0,0,0
2020-07-09,2020-07-09,1,0.6652,0,0,0,0,0,0,0,0,0,0
2020-07-08,2020-07-08,3,0.3358333333333334,0,0,0,1,0,0,1,0,0,0
2020-07-03,2020-07-03,1,0.4215,0,0,0,0,0,0,0,0,0,0
2020-07-02,2020-07-02,2,0.29295,0,0,0,0,0,0,0,0,0,0
2020-06-29,2020-06-29,1,-0.1779,0,0,0,0,0,0,0,0,0,0
2020-06-25,2020-06-25,1,-0.3818,0,0,0,0,0,0,0,0,0,0
2020-06-24,2020-06-24,1,0.4939,0,0,0,0,0,0,0,0,0,0
2020-06-23,2020-06-23,2,0.5924,0,0,0,0,0,0,0,0,0,0
2020-06-22,2020-06-22,1,0.5499,0,0,0,0,0,0,0,0,0,0
2020-06-18,2020-06-18,1,0.6249,0,0,0,0,0,0,0,0,0,0
2020-06-17,2020-06-17,1,0.6597,0,0,0,0,0,0,0,0,0,1
2020-06-15,2020-06-15,2,0.08909999999999998,0,0,0,0,0,0,0,0,0,1
2020-06-14,2020-06-14,1,-0.4939,0,0,0,0,0,0,0,0,0,0
2020-06-13,2020-06-13,2,0.0,0,0,0,0,0,0,0,0,0,0
2020-06-11,2020-06-11,1,0.9057,0,0,0,0,0,0,0,0,0,0
2020-06-06,2020-06-06,1,0.1511,0,0,0,0,0,0,0,0,0,0
2020-06-05,2020-06-05,1,0.8176,0,0,1,0,0,0,0,0,0,0
2020-06-04,2020-06-04,1,0.3182,0,0,0,0,0,0,0,0,0,0
2020-06-02,2020-06-02,3,0.1307,0,0,0,0,1,0,1,0,0,0
2020-05-29,2020-05-29,2,0.0658,0,0,0,0,0,0,0,0,0,0
2020-05-28,2020-05-28,2,0.73605,0,0,0,0,0,0,0,0,0,0
2020-05-25,2020-05-25,2,0.11544999999999997,0,0,0,0,0,0,0,0,0,1
2020-05-23,2020-05-23,1,0.4404,0,0,0,0,0,0,0,0,0,0
2020-05-22,2020-05-22,8,0.4898874999999999,0,0,1,0,0,0,0,0,0,0
2020-05-21,2020-05-21,1,0.5859,0,0,1,0,0,0,0,0,0,0
2020-05-20,2020-05-20,2,-0.20420000000000002,0,0,1,0,0,0,0,0,0,0
2020-05-19,2020-05-19,1,-0.3034,0,0,0,0,0,0,0,0,0,0
2020-05-18,2020-05-18,2,-0.2294,0,0,0,0,0,0,0,0,0,0
2020-05-16,2020-05-16,2,0.9043,0,0,0,0,0,0,0,0,0,0
2020-05-15,2020-05-15,1,0.0,0,0,0,0,0,0,0,0,0,0
2020-05-13,2020-05-13,2,0.6462000000000001,0,0,0,0,0,0,0,0,0,0
2020-05-12,2020-05-12,5,0.49102000000000007,0,0,1,0,0,0,0,0,1,0
2020-05-11,2020-05-11,13,0.4849923076923078,0,0,1,0,0,0,0,0,1,0
2020-05-10,2020-05-10,6,0.19571666666666668,0,0,1,0,0,0,0,0,0,0
2020-05-09,2020-05-09,2,0.5429999999999999,0,0,0,0,0,0,0,0,0,0
2020-05-08,2020-05-08,2,0.5428999999999999,0,0,0,0,0,0,1,0,0,0
2020-05-07,2020-05-07,3,-0.31306666666666666,0,0,0,0,1,0,0,0,0,0
2020-05-06,2020-05-06,2,0.47785,0,0,0,0,0,0,0,0,0,0
2020-05-05,2020-05-05,1,0.9872,0,0,0,0,0,0,0,0,0,0
2020-05-04,2020-05-04,3,0.5142000000000001,0,0,0,0,0,0,0,0,0,0
2020-05-02,2020-05-02,1,0.296,0,0,0,0,0,0,0,0,0,0
2020-05-01,2020-05-01,1,0.6486,0,0,0,0,0,0,0,0,0,0
2020-04-30,2020-04-30,4,0.297125,0,0,0,0,0,0,0,0,0,0
2020-04-29,2020-04-29,2,0.11434999999999998,0,0,1,0,0,0,0,0,0,0
2020-04-28,2020-04-28,2,0.20025,0,0,0,0,0,0,0,0,0,0
2020-04-27,2020-04-27,1,0.4404,0,0,1,0,0,0,0,0,0,0
2020-04-26,2020-04-26,1,0.9638,0,0,0,0,0,0,0,0,0,0
2020-04-25,2020-04-25,1,0.2732,0,0,1,0,0,0,0,0,0,0
2020-04-24,2020-04-24,1,0.765,0,0,0,0,0,0,0,0,0,0
2020-04-23,2020-04-23,3,0.17143333333333335,0,0,0,1,0,0,0,0,0,0
2020-04-22,2020-04-22,2,0.8698,0,0,0,0,0,0,0,0,0,0
2020-04-21,2020-04-21,3,0.154,0,0,1,1,0,0,0,0,0,0
2020-04-20,2020-04-20,2,-0.603,0,0,0,1,0,0,0,0,0,1
2020-04-19,2020-04-19,1,-0.3182,0,0,0,0,0,0,0,0,0,0
2020-04-16,2020-04-16,2,0.4294,0,0,0,0,0,0,0,0,0,0
2020-04-15,2020-04-15,1,0.0,0,0,1,0,0,0,0,0,0,0
2020-04-14,2020-04-14,4,-0.24957499999999994,0,0,0,0,0,0,0,0,0,0
2020-04-13,2020-04-13,1,-0.4767,0,0,0,0,0,0,0,0,0,0
2020-04-12,2020-04-12,1,0.0,0,0,1,0,0,0,0,0,0,0
2020-04-10,2020-04-10,3,0.17056666666666664,0,0,0,0,0,0,0,0,0,0
2020-04-09,2020-04-09,1,0.9442,0,0,0,0,0,0,0,0,0,0
2020-04-08,2020-04-08,1,0.0,0,0,1,0,0,0,0,0,0,0
2020-04-07,2020-04-07,1,0.5423,0,0,0,0,0,0,0,0,1,0
2020-04-05,2020-04-05,1,0.7547,0,0,0,0,0,0,0,0,0,0
2020-04-03,2020-04-03,1,0.75,0,0,0,0,0,0,1,0,0,0
2020-04-02,2020-04-02,5,0.12454000000000001,0,0,0,0,1,0,1,0,0,0
2020-04-01,2020-04-01,1,0.9531,0,0,0,0,0,0,0,0,0,1
2020-03-30,2020-03-30,4,0.17584999999999998,0,0,0,0,0,0,1,0,0,1
2020-03-29,2020-03-29,1,-0.34,0,0,0,0,0,0,0,0,0,1
2020-03-27,2020-03-27,2,0.58085,0,0,0,1,0,0,1,0,0,0
2020-03-25,2020-03-25,4,0.174275,0,0,1,0,0,0,0,0,0,0
2020-03-24,2020-03-24,2,0.44995,0,0,0,0,0,0,0,0,0,0
2020-03-23,2020-03-23,2,-0.1055,0,0,0,0,0,0,0,0,0,0
2020-03-20,2020-03-20,1,0.6696,0,0,0,0,0,0,0,0,0,0
2020-03-19,2020-03-19,3,0.2569333333333333,0,0,1,0,0,0,1,0,0,0
2020-03-17,2020-03-17,2,-0.24695,0,0,0,1,1,0,0,0,0,0
2020-03-16,2020-03-16,3,0.19796666666666665,0,0,1,0,0,0,0,0,0,1
2020-03-14,2020-03-14,3,0.5035666666666666,0,0,0,0,0,0,0,0,0,0
2020-03-13,2020-03-13,5,0.09474,0,0,1,0,0,0,1,0,0,0
2020-03-12,2020-03-12,3,0.7704,0,0,0,0,0,0,0,0,0,0
2020-03-11,2020-03-11,2,-0.43279999999999996,0,0,0,0,0,0,0,0,0,0
2020-03-09,2020-03-09,3,0.12456666666666667,0,0,0,0,0,0,1,0,0,0
2020-03-07,2020-03-07,1,-0.6838,0,0,0,0,1,0,0,0,0,0
2020-03-06,2020-03-06,1,0.4404,0,0,0,0,0,0,0,0,0,0
2020-03-04,2020-03-04,1,0.946,0,0,0,0,0,0,0,0,0,0
2020-03-03,2020-03-03,4,0.341075,0,0,1,0,0,0,0,0,0,0
2020-02-29,2020-02-29,4,0.11860000000000002,0,0,0,0,1,0,0,0,0,0
2020-02-28,2020-02-28,1,0.9517,0,0,0,0,0,1,0,0,0,0
2020-02-27,2020-02-27,3,0.24736666666666665,0,0,1,0,0,0,0,0,0,0
2020-02-25,2020-02-25,3,0.18306666666666668,0,0,0,0,0,0,0,0,0,0
2020-02-24,2020-02-24,1,0.3182,0,0,0,0,0,0,0,0,1,0
2020-02-22,2020-02-22,1,0.128,0,0,0,0,0,0,0,0,0,0
2020-02-21,2020-02-21,1,0.3382,0,0,0,0,0,0,0,0,0,0
2020-02-20,2020-02-20,1,0.8016,0,0,0,0,0,0,0,0,0,0
2020-02-19,2020-02-19,2,0.0,0,0,0,0,0,0,0,0,0,0
2020-02-18,2020-02-18,2,0.0,0,0,0,0,0,0,0,0,0,0
2020-02-16,2020-02-16,1,0.7506,0,0,0,0,0,0,0,0,0,0
2020-02-14,2020-02-14,1,0.9516,0,0,0,0,0,0,0,0,0,1
2020-02-12,2020-02-12,3,-0.1722,0,0,1,0,0,0,1,0,0,0
2020-02-11,2020-02-11,2,0.0,0,0,0,0,0,0,0,0,0,1
2020-02-09,2020-02-09,2,0.2202,0,0,1,0,0,0,0,0,0,0
2020-02-08,2020-02-08,1,0.7579,0,0,0,0,0,0,0,0,0,0
2020-02-06,2020-02-06,1,0.9067,0,0,0,0,0,0,0,0,0,0
2020-02-05,2020-02-05,2,0.1798,0,0,0,0,1,0,0,0,0,0
2020-02-04,2020-02-04,2,-0.06685000000000002,0,0,0,0,0,0,0,0,0,0
2020-02-03,2020-02-03,1,0.169,0,0,0,0,0,0,0,0,0,0
2020-02-02,2020-02-02,2,0.17115000000000002,0,0,0,0,0,0,0,0,0,0
2020-01-31,2020-01-31,3,-0.029299999999999993,0,0,0,0,0,0,1,0,0,1
2020-01-28,2020-01-28,3,0.28786666666666666,0,0,0,0,0,0,1,0,0,0
2020-01-25,2020-01-25,1,0.4767,0,0,1,0,0,0,0,0,0,0
2020-01-24,2020-01-24,2,0.22455,0,0,0,1,0,0,0,0,0,0
2020-01-23,2020-01-23,1,0.296,0,0,0,0,0,0,0,0,0,0
2020-01-21,2020-01-21,4,-0.021899999999999975,0,0,0,0,0,0,0,0,0,0
2020-01-18,2020-01-18,1,-0.5563,0,0,0,0,0,0,0,0,0,0
2020-01-15,2020-01-15,1,0.8617,0,0,0,0,0,0,0,0,0,0
2020-01-14,2020-01-14,2,-0.11315,0,0,0,0,1,0,0,0,0,0
2020-01-13,2020-01-13,2,0.24695,0,0,0,0,0,0,0,0,0,1
2020-01-11,2020-01-11,1,0.6486,0,0,0,0,0,0,0,0,0,0
2020-01-09,2020-01-09,1,0.594,0,0,0,0,0,0,0,0,0,0
2020-01-08,2020-01-08,2,0.037750000000000006,0,0,0,1,0,0,0,0,0,0
2020-01-07,2020-01-07,2,0.2168,0,0,0,0,0,0,1,0,0,0
2020-01-06,2020-01-06,3,0.6444,0,0,0,0,0,0,1,0,0,0
2020-01-05,2020-01-05,3,0.223,0,0,1,0,1,0,0,0,0,0
2020-01-04,2020-01-04,1,0.6995,0,0,0,0,0,0,0,0,0,0
2019-12-31,2019-12-31,2,0.5923499999999999,0,0,0,0,0,0,0,0,0,0
2019-12-30,2019-12-30,2,-0.2966,0,0,0,0,0,0,0,0,0,0
2019-12-29,2019-12-29,3,-0.23653333333333335,0,0,1,0,0,0,0,0,0,0
2019-12-28,2019-12-28,2,-0.28695,0,0,0,0,0,0,0,0,0,0
2019-12-26,2019-12-26,1,-0.2824,0,0,0,0,0,0,0,0,0,0
2019-12-23,2019-12-23,1,-0.0258,0,0,0,0,1,0,0,0,0,0
2019-12-20,2019-12-20,1,0.5574,0,0,0,0,0,0,0,0,0,0
2019-12-18,2019-12-18,2,0.10114999999999999,0,0,1,1,0,0,0,0,0,0
2019-12-17,2019-12-17,1,0.0,0,0,0,0,0,0,0,0,0,0
2019-12-16,2019-12-16,5,0.37434,0,0,0,0,0,0,0,0,0,0
2019-12-15,2019-12-15,1,0.7842,0,0,0,0,0,0,0,0,0,0
2019-12-10,2019-12-10,2,0.16524999999999998,0,0,0,0,1,0,0,0,0,0
2019-12-08,2019-12-08,1,0.0,0,0,0,1,0,0,0,0,0,0
2019-12-04,2019-12-04,1,-0.2047,0,0,0,0,0,0,0,0,0,0
2019-12-03,2019-12-03,1,0.725,0,0,0,0,0,0,0,0,0,0
2019-12-01,2019-12-01,1,-0.7003,0,0,0,0,0,0,0,0,0,1
2019-11-29,2019-11-29,2,0.25834999999999997,0,0,0,0,1,0,0,0,0,0
2019-11-24,2019-11-24,1,-0.2903,0,0,0,0,0,0,0,0,0,0
2019-11-22,2019-11-22,4,-0.192925,0,0,0,0,0,0,0,0,0,0
2019-11-21,2019-11-21,3,-0.39926666666666666,0,0,0,0,0,0,0,0,0,0
2019-11-19,2019-11-19,4,0.36905,0,0,0,0,0,0,0,0,0,1
2019-11-17,2019-11-17,2,0.28595,0,0,0,0,0,0,0,0,0,0
2019-11-15,2019-11-15,1,-0.296,0,0,0,0,0,0,0,0,0,0
2019-11-14,2019-11-14,2,0.2997,0,0,1,0,0,0,0,0,0,0
2019-11-13,2019-11-13,1,0.6369,0,0,0,0,0,0,0,0,0,1
2019-11-12,2019-11-12,2,0.3759,0,0,0,0,1,0,0,0,0,0
2019-11-11,2019-11-11,1,0.4534,0,0,0,0,0,0,0,0,0,0
2019-11-10,2019-11-10,2,0.25425,0,0,0,0,0,0,0,0,0,0
2019-11-09,2019-11-09,1,0.8991,0,0,0,0,1,0,0,0,0,0
2019-11-07,2019-11-07,1,0.7351,0,0,0,1,0,0,0,0,0,0
2019-11-05,2019-11-05,1,0.0772,0,0,0,0,0,0,0,0,0,0
2019-11-03,2019-11-03,2,0.23835,0,0,1,0,0,0,0,0,0,0
2019-11-02,2019-11-02,5,0.59756,0,0,0,0,0,0,0,0,0,0
2019-10-31,2019-10-31,1,0.6114,0,0,1,0,0,0,0,0,0,0
2019-10-29,2019-10-29,2,0.5309999999999999,0,0,0,0,0,0,0,0,0,0
2019-10-27,2019-10-27,1,0.0,0,0,0,1,0,0,0,0,0,0
2019-10-26,2019-10-26,3,-0.07543333333333334,0,0,1,0,1,0,0,0,0,0
2019-10-25,2019-10-25,1,0.0,0,0,0,0,0,0,0,0,0,0
2019-10-24,2019-10-24,1,0.3612,0,0,0,0,0,0,0,0,0,0
2019-10-23,2019-10-23,6,0.2607833333333333,0,0,0,0,0,0,0,0,1,0
2019-10-21,2019-10-21,1,-0.2263,0,0,0,0,1,0,0,0,0,0
2019-10-19,2019-10-19,1,0.815,0,0,0,0,1,0,0,0,0,0
2019-10-18,2019-10-18,1,0.0,0,0,0,0,0,0,0,0,0,0
2019-10-17,2019-10-17,2,0.5783,0,0,0,0,0,0,1,0,0,0
2019-10-16,2019-10-16,1,0.3182,0,0,0,0,0,0,0,0,1,0
2019-10-15,2019-10-15,2,0.23835,0,0,0,0,0,0,0,0,0,0
2019-10-10,2019-10-10,2,0.2997,0,0,0,0,0,0,0,0,0,0
2019-10-09,2019-10-09,1,0.3818,0,0,0,0,0,0,0,0,0,0
2019-10-08,2019-10-08,1,0.7964,0,0,0,0,0,0,0,0,0,1
2019-10-07,2019-10-07,1,0.7163,0,0,0,0,0,0,0,0,0,0
2019-10-03,2019-10-03,1,0.0,0,0,0,0,0,0,0,0,0,0
2019-09-29,2019-09-29,1,-0.5859,0,0,0,0,1,0,0,0,0,0
2019-09-28,2019-09-28,2,0.55545,0,0,1,0,0,0,0,0,0,0
2019-09-27,2019-09-27,4,-0.032174999999999995,0,0,0,0,0,0,0,0,1,0
2019-09-25,2019-09-25,1,0.5106,0,0,0,0,0,0,0,0,0,1
2019-09-24,2019-09-24,4,-0.06492499999999997,0,0,0,0,1,0,1,0,0,0
2019-09-23,2019-09-23,1,0.2023,0,0,0,0,0,0,0,0,0,0
2019-09-22,2019-09-22,1,0.876,0,0,0,0,0,0,1,0,0,0
2019-09-21,2019-09-21,1,0.0,0,0,0,1,0,0,0,0,0,0
2019-09-20,2019-09-20,2,0.46905,0,0,0,0,0,0,0,0,0,0
2019-09-18,2019-09-18,1,-0.5442,0,0,0,0,0,0,0,0,0,0
2019-09-17,2019-09-17,2,0.30555,0,0,0,0,0,0,0,0,0,0
2019-09-15,2019-09-15,2,-0.07594999999999999,0,0,0,0,1,0,0,0,0,0
2019-09-13,2019-09-13,2,0.53805,0,0,1,0,0,0,0,0,0,0
2019-09-11,2019-09-11,1,0.4767,0,0,0,0,0,0,0,0,0,0
2019-09-07,2019-09-07,1,0.1419,0,0,0,1,0,0,0,0,0,0
2019-09-05,2019-09-05,1,-0.2263,0,0,0,0,1,0,0,0,0,0
2019-09-03,2019-09-03,2,0.3601,0,0,0,1,0,0,0,0,0,0
2019-09-02,2019-09-02,1,0.3283,0,0,1,0,0,0,0,0,0,0
2019-09-01,2019-09-01,2,0.78975,0,0,0,0,0,0,1,0,0,0
2019-08-31,2019-08-31,2,0.26335,0,0,0,0,0,0,0,0,0,0
2019-08-30,2019-08-30,1,0.0,0,0,0,0,0,0,0,0,0,0
2019-08-24,2019-08-24,1,0.4588,0,0,0,0,0,0,0,0,0,0
2019-08-23,2019-08-23,3,0.06743333333333333,0,0,0,0,0,0,0,0,1,0
2019-08-22,2019-08-22,1,0.0772,0,0,0,0,0,0,0,0,0,0
2019-08-20,2019-08-20,1,0.5994,0,0,0,0,0,0,0,0,1,0
2019-08-19,2019-08-19,1,-0.7096,0,0,0,0,0,0,0,0,0,1
2019-08-18,2019-08-18,1,0.0,0,0,0,0,0,0,0,0,0,0
2019-08-17,2019-08-17,1,0.4504,0,0,0,0,1,0,0,0,0,0
2019-08-16,2019-08-16,1,0.0,0,0,0,0,0,0,0,0,0,0
2019-08-15,2019-08-15,4,0.075875,0,0,0,1,1,0,0,0,0,0
2019-08-13,2019-08-13,2,-0.038799999999999994,0,0,0,0,1,0,0,0,0,0
2019-08-12,2019-08-12,1,0.2023,0,0,0,0,0,0,0,0,0,0
2019-08-10,2019-08-10,1,0.8383,0,0,0,0,1,0,0,0,0,0
2019-08-09,2019-08-09,2,0.311,0,0,0,0,0,0,0,0,0,0
2019-08-08,2019-08-08,1,0.0,0,0,0,0,0,0,0,0,1,0
2019-08-07,2019-08-07,2,0.26935,0,0,0,0,1,0,1,0,0,0
2019-08-06,2019-08-06,1,0.8399,0,0,0,0,0,0,1,0,0,0
2019-08-05,2019-08-05,3,0.37776666666666664,0,0,0,0,1,0,0,0,0,0
2019-08-03,2019-08-03,2,0.6906,0,0,0,0,1,0,0,0,0,0
2019-08-02,2019-08-02,1,0.765,0,0,0,0,0,0,1,0,0,0
2019-07-31,2019-07-31,2,-0.03470000000000001,0,0,0,0,1,0,0,0,0,0
2019-07-30,2019-07-30,2,-0.17,0,0,0,0,0,0,0,0,0,0
2019-07-29,2019-07-29,2,0.14859999999999998,0,0,1,0,0,0,0,0,1,0
2019-07-27,2019-07-27,1,0.6808,0,0,0,0,0,0,0,0,0,0
2019-07-26,2019-07-26,1,0.7906,0,0,0,0,0,1,0,0,0,0
2019-07-24,2019-07-24,2,-0.21405,0,0,0,0,0,0,0,0,0,0
2019-07-23,2019-07-23,1,0.0,0,0,0,0,0,0,0,0,0,0
2019-07-21,2019-07-21,1,0.0,0,0,0,0,0,0,0,0,0,0
2019-07-20,2019-07-20,2,0.3277,0,0,0,0,0,0,0,0,0,0
2019-07-19,2019-07-19,1,-0.7592,0,0,0,0,0,0,0,0,0,0
2019-07-18,2019-07-18,3,0.017033333333333307,0,0,0,0,0,0,0,0,1,0
2019-07-17,2019-07-17,4,-0.3271,0,0,0,0,0,0,0,0,1,0
2019-07-16,2019-07-16,4,0.3392,0,0,0,0,0,0,0,1,1,0
2019-07-14,2019-07-14,1,0.5229,0,0,0,0,0,0,0,0,0,0
2019-07-13,2019-07-13,2,-0.13715,0,0,0,0,1,0,0,0,0,0
2019-07-12,2019-07-12,4,0.05165,0,0,0,0,0,0,0,0,1,0
2019-07-09,2019-07-09,1,0.6369,0,0,0,0,0,0,0,0,1,0
2019-07-08,2019-07-08,1,-0.2924,0,0,0,0,1,0,0,0,0,0
2019-07-07,2019-07-07,1,0.4215,0,0,0,0,0,0,0,0,0,0
2019-07-06,2019-07-06,1,0.308,0,0,0,0,1,0,0,0,0,0
2019-07-05,2019-07-05,1,0.0,0,0,0,0,1,0,0,0,0,0
2019-07-04,2019-07-04,2,0.561,0,0,0,0,1,0,0,0,0,0
2019-07-03,2019-07-03,1,-0.4404,0,0,0,0,0,0,0,0,0,0
2019-07-01,2019-07-01,1,0.0,0,0,0,0,0,0,0,0,0,0
2019-06-30,2019-06-30,1,0.4588,0,0,0,0,1,0,0,0,0,0
2019-06-29,2019-06-29,1,0.1436,0,0,0,0,1,0,0,0,0,0
2019-06-27,2019-06-27,4,-0.07885000000000003,0,0,0,0,0,0,0,0,1,0
2019-06-26,2019-06-26,3,0.05733333333333335,0,0,0,0,0,0,0,0,0,1
2019-06-25,2019-06-25,3,-0.12386666666666664,0,0,1,0,0,0,0,0,1,0
2019-06-24,2019-06-24,1,0.0,0,0,1,0,0,0,0,0,0,0
2019-06-23,2019-06-23,1,0.5994,0,0,0,0,0,0,0,0,0,0
2019-06-22,2019-06-22,4,0.219125,0,0,0,0,0,0,0,0,0,0
2019-06-21,2019-06-21,2,0.0,0,0,0,0,0,0,0,0,1,1
2019-06-20,2019-06-20,2,0.3992,0,0,0,0,0,0,0,1,1,0
2019-06-19,2019-06-19,5,0.44086,0,0,1,1,0,0,0,0,0,0
2019-06-18,2019-06-18,2,0.1582,0,0,0,0,1,0,0,0,0,0
2019-06-17,2019-06-17,4,0.48802500000000004,0,0,1,0,0,0,0,0,0,0
2019-06-16,2019-06-16,1,0.6597,0,0,0,0,1,0,0,0,0,0
2019-06-15,2019-06-15,1,-0.2755,0,0,0,0,0,0,0,0,0,0
2019-06-14,2019-06-14,1,0.9172,0,0,0,0,1,0,0,0,0,0
2019-06-13,2019-06-13,1,0.0,0,0,0,0,0,0,0,0,0,0
2019-06-08,2019-06-08,2,0.41975,0,0,0,0,0,0,0,0,0,0
2019-06-06,2019-06-06,2,-0.06575000000000003,0,0,0,0,0,0,1,0,0,0
2019-06-05,2019-06-05,1,0.6486,0,0,0,0,0,0,0,0,0,0
2019-06-04,2019-06-04,1,0.5399,0,0,1,0,0,0,0,0,0,0
2019-05-31,2019-05-31,3,0.3715333333333333,0,0,0,0,0,0,0,0,0,0
2019-05-30,2019-05-30,1,0.3182,0,0,0,0,0,0,0,0,0,0
2019-05-27,2019-05-27,1,0.4404,0,0,0,0,1,0,0,0,0,0
2019-05-26,2019-05-26,1,0.504,0,0,0,0,0,0,0,0,0,0
2019-05-25,2019-05-25,1,0.8766,0,0,0,0,1,0,0,0,0,0
2019-05-24,2019-05-24,3,0.10606666666666666,0,0,0,0,0,0,0,0,0,0
2019-05-23,2019-05-23,1,0.4767,0,0,0,0,0,0,0,0,0,0
2019-05-22,2019-05-22,6,0.5371833333333333,0,0,1,0,0,0,0,0,0,0
2019-05-21,2019-05-21,3,0.09106666666666667,0,0,1,0,0,0,0,0,0,0
2019-05-19,2019-05-19,1,-0.7818,0,0,0,0,0,0,0,0,0,0
2019-05-16,2019-05-16,3,0.27593333333333336,0,0,0,0,0,0,0,0,0,0
2019-05-15,2019-05-15,5,0.33468,0,0,0,0,0,0,0,0,0,0
2019-05-13,2019-05-13,7,0.31914285714285723,0,0,0,0,0,0,0,0,0,0
2019-05-12,2019-05-12,4,-0.049124999999999995,0,0,0,0,0,0,0,0,0,0
2019-05-11,2019-05-11,1,0.0,0,0,0,0,0,0,0,0,0,1
2019-05-10,2019-05-10,1,0.0,0,0,0,0,0,0,0,0,0,0
2019-05-08,2019-05-08,2,-0.14255,0,0,1,0,0,0,0,0,0,0
2019-05-07,2019-05-07,2,-0.06835,0,0,0,0,0,0,0,0,0,0
2019-05-06,2019-05-06,1,0.5859,0,0,0,0,0,0,0,0,0,0
2019-05-05,2019-05-05,1,0.7574,0,0,0,0,0,0,0,0,0,0
2019-05-04,2019-05-04,2,0.5957,0,0,0,0,1,0,0,1,0,0
2019-05-03,2019-05-03,1,0.0,0,0,0,0,0,0,0,0,0,0
2019-05-02,2019-05-02,1,0.0,0,0,0,0,0,0,0,0,0,0
2019-05-01,2019-05-01,2,0.62775,0,0,0,0,0,0,0,0,0,1
2019-04-28,2019-04-28,1,-0.2646,0,0,0,0,0,0,0,0,0,0
2019-04-27,2019-04-27,1,0.8153,0,0,0,0,1,0,0,0,0,0
2019-04-26,2019-04-26,1,0.0,0,0,0,0,0,0,0,0,0,0
2019-04-25,2019-04-25,2,0.20095,0,0,0,0,0,0,0,0,0,0
2019-04-23,2019-04-23,1,-0.5106,0,0,0,0,0,0,0,0,0,0
2019-04-22,2019-04-22,2,0.2202,0,0,0,0,0,0,0,0,0,0
2019-04-21,2019-04-21,1,-0.296,0,0,0,0,0,0,0,0,0,0
2019-04-19,2019-04-19,1,0.0,0,0,0,0,0,0,0,0,0,0
2019-04-16,2019-04-16,1,-0.4215,0,0,0,0,0,0,0,0,0,0
2019-04-15,2019-04-15,1,-0.5106,0,0,0,0,0,0,0,0,0,0
2019-04-13,2019-04-13,1,0.0,0,0,0,0,0,0,0,0,0,0
2019-04-11,2019-04-11,2,-0.1868,0,0,0,0,0,0,1,0,0,0
2019-04-07,2019-04-07,1,0.0,0,0,0,0,0,0,0,0,0,0
2019-04-06,2019-04-06,2,-0.21725000000000003,0,0,0,0,1,0,0,0,0,0
2019-04-04,2019-04-04,1,0.0,0,0,0,0,0,0,0,0,0,0
2019-04-03,2019-04-03,2,0.4939,0,0,0,0,0,0,0,0,0,0
2019-04-02,2019-04-02,1,0.25,0,0,0,0,0,0,0,0,0,0
2019-04-01,2019-04-01,2,0.2781,0,0,0,0,0,0,0,0,0,0
2019-03-31,2019-03-31,1,0.4336,0,0,0,0,0,0,0,0,0,0
2019-03-26,2019-03-26,1,0.7096,0,0,1,0,0,0,0,0,0,0
2019-03-22,2019-03-22,1,0.0,0,0,0,0,0,0,0,0,0,0
2019-03-21,2019-03-21,1,-0.296,0,0,0,0,0,0,0,0,0,0
2019-03-16,2019-03-16,2,-0.3382,0,0,0,0,1,0,0,0,0,0
2019-03-12,2019-03-12,1,0.7236,0,0,0,0,0,0,0,0,0,0
2019-03-09,2019-03-09,1,-0.5423,0,0,0,0,0,0,0,0,0,0
2019-03-07,2019-03-07,2,0.0,0,0,0,0,0,0,0,0,0,0
2019-03-04,2019-03-04,1,0.2551,0,0,0,0,0,0,0,0,0,0
2019-02-28,2019-02-28,1,0.9484,0,0,0,0,0,0,0,0,0,0
2019-02-26,2019-02-26,2,0.6401,0,0,0,0,0,0,0,0,0,0
2019-02-24,2019-02-24,2,-0.3071,0,0,0,0,0,0,0,0,0,0
2019-02-23,2019-02-23,1,0.6908,0,0,0,1,0,0,0,0,0,0
2019-02-16,2019-02-16,1,0.0,0,0,0,0,0,0,0,0,0,0
2019-02-14,2019-02-14,1,-0.4552,0,0,0,0,0,0,0,0,0,0
2019-02-12,2019-02-12,2,0.60445,0,0,0,0,1,0,0,0,0,0
2019-02-10,2019-02-10,1,0.7717,0,0,0,0,0,0,0,0,0,0
2019-02-09,2019-02-09,1,-0.2914,0,0,0,0,0,0,0,0,0,0
2019-02-06,2019-02-06,1,0.5423,0,0,0,0,0,0,0,0,0,0
2019-02-02,2019-02-02,2,0.48214999999999997,0,0,0,0,1,0,0,0,0,0
2019-01-31,2019-01-31,1,0.2263,0,0,0,0,0,0,0,0,0,0
2019-01-28,2019-01-28,2,-0.50065,0,0,0,0,0,0,0,0,0,0
2019-01-25,2019-01-25,1,0.0276,0,0,0,0,0,0,0,0,0,0
2019-01-24,2019-01-24,1,-0.2023,0,0,0,0,0,0,0,0,0,0
2019-01-22,2019-01-22,1,0.5859,0,0,0,0,0,0,0,0,0,0
2019-01-17,2019-01-17,1,-0.3818,0,0,0,0,0,0,0,0,0,0
2019-01-14,2019-01-14,1,0.4404,0,0,0,0,0,0,0,0,0,0
2019-01-07,2019-01-07,2,-0.26855,0,0,0,0,0,0,0,0,0,0
2019-01-06,2019-01-06,1,0.8321,0,0,0,0,0,0,0,0,0,0
2019-01-03,2019-01-03,2,0.6457999999999999,0,0,0,0,0,0,0,0,0,0
2019-01-02,2019-01-02,2,0.125,0,0,0,0,0,0,0,0,0,0
2019-01-01,2019-01-01,1,0.7239,0,0,0,0,0,0,0,0,0,0
2018-12-31,2018-12-31,1,-0.8977,0,0,0,0,0,0,0,0,0,0
2018-12-30,2018-12-30,1,0.0,0,0,0,0,0,0,0,0,0,0
2018-12-28,2018-12-28,2,-0.7478,0,0,0,0,0,0,0,0,0,0
2018-12-27,2018-12-27,1,0.0276,0,0,0,0,0,0,0,0,0,0
2018-12-26,2018-12-26,1,-0.2263,0,0,0,0,0,0,0,0,0,0
2018-12-25,2018-12-25,1,0.0,0,0,0,0,0,0,0,0,0,0
2018-12-20,2018-12-20,1,0.9528,0,0,0,0,0,0,0,0,0,0
2018-12-19,2018-12-19,1,0.0,0,0,0,0,0,0,0,0,0,0
2018-12-18,2018-12-18,3,-0.29316666666666663,0,0,0,0,0,0,0,0,0,0
2018-12-17,2018-12-17,1,0.0,0,0,0,0,0,0,0,0,0,0
2018-12-16,2018-12-16,3,-0.4388333333333334,0,0,0,0,0,0,0,0,0,0
2018-12-15,2018-12-15,1,0.7845,0,0,0,0,0,0,0,0,0,0
2018-12-14,2018-12-14,3,-0.47520000000000007,0,0,0,0,0,0,0,0,0,0
2018-12-13,2018-12-13,1,0.0,0,0,0,0,0,0,0,0,0,0
2018-12-11,2018-12-11,1,-0.3716,0,0,0,0,0,0,0,0,0,0
2018-12-09,2018-12-09,1,-0.8126,0,0,0,0,0,0,0,0,0,0
2018-12-07,2018-12-07,2,-0.7113499999999999,0,0,0,0,0,0,0,0,0,0
2018-12-05,2018-12-05,1,0.0,0,0,0,0,0,0,0,0,0,0
2018-12-04,2018-12-04,1,0.5972,0,0,0,0,0,0,0,0,0,0
2018-12-03,2018-12-03,3,-0.46819999999999995,0,0,0,0,0,0,0,0,0,0
2018-12-02,2018-12-02,1,0.8062,0,0,0,0,1,0,0,0,0,0
2018-11-30,2018-11-30,1,0.3818,0,0,0,0,0,0,0,0,0,0
2018-11-29,2018-11-29,1,0.6249,0,0,0,0,0,0,0,0,0,0
2018-11-28,2018-11-28,1,0.2023,0,0,0,0,0,0,0,0,0,0
2018-11-27,2018-11-27,1,-0.5472,0,0,0,0,0,0,0,0,0,0
2018-11-26,2018-11-26,7,0.3267714285714286,0,0,0,0,0,0,0,0,0,0
2018-11-25,2018-11-25,4,0.10172500000000001,0,0,0,0,0,0,0,0,0,0
2018-11-24,2018-11-24,4,-0.25895,0,0,0,0,0,0,0,0,0,1
2018-11-23,2018-11-23,1,0.4019,0,0,0,0,0,0,1,0,0,0
2018-11-22,2018-11-22,1,0.5767,0,0,0,0,0,0,0,0,0,0
2018-11-20,2018-11-20,4,-0.038900000000000004,0,0,0,0,0,0,0,0,0,0
2018-11-19,2018-11-19,2,-0.5328999999999999,0,0,0,0,0,0,0,0,0,0
2018-11-18,2018-11-18,1,0.25,0,0,0,0,0,0,0,0,0,0
2018-11-17,2018-11-17,3,-0.10753333333333333,0,0,0,0,0,0,0,0,0,0
2018-11-15,2018-11-15,2,0.30215,0,0,0,0,0,0,0,0,0,0
2018-11-14,2018-11-14,1,0.0,0,0,0,0,0,0,0,0,0,0
2018-11-13,2018-11-13,2,0.43474999999999997,0,0,0,0,0,0,0,0,0,0
2018-11-08,2018-11-08,1,0.0,0,0,0,0,0,0,0,0,0,0
2018-11-07,2018-11-07,1,-0.296,0,0,0,0,0,0,0,0,0,0
2018-11-06,2018-11-06,2,0.10619999999999999,0,0,0,0,0,0,0,0,0,0
2018-11-04,2018-11-04,1,-0.5719,0,0,0,0,0,0,0,0,0,0
2018-11-02,2018-11-02,1,0.0,0,0,0,1,0,0,0,0,0,0
2018-10-31,2018-10-31,3,0.07633333333333335,0,0,0,0,0,0,0,0,0,0
2018-10-29,2018-10-29,1,0.9286,0,0,0,0,0,0,0,0,0,0
2018-10-27,2018-10-27,1,0.3612,0,0,0,0,0,0,0,0,0,0
2018-10-25,2018-10-25,1,0.1561,0,0,0,0,0,0,0,0,0,0
2018-10-24,2018-10-24,2,-0.1582,0,0,0,0,0,0,0,0,0,0
2018-10-23,2018-10-23,1,-0.4939,0,0,0,0,0,0,0,0,0,0
2018-10-21,2018-10-21,1,-0.875,0,0,0,0,0,0,0,0,0,0
2018-10-20,2018-10-20,1,0.4003,0,0,0,0,1,0,0,0,0,0
2018-10-17,2018-10-17,1,0.0,0,0,0,0,0,0,0,0,0,0
2018-10-15,2018-10-15,1,0.0258,0,0,0,0,0,0,0,0,0,0
2018-10-14,2018-10-14,1,0.0,0,0,0,0,0,0,0,0,0,0
2018-10-13,2018-10-13,4,0.26375,0,0,0,0,0,0,0,0,0,0
2018-10-11,2018-10-11,3,0.003866666666666685,0,0,0,0,0,0,0,0,0,0
2018-10-10,2018-10-10,1,0.0,0,0,0,0,0,0,0,0,0,0
2018-10-09,2018-10-09,2,-0.1366,0,0,0,0,0,0,0,0,0,0
2018-09-30,2018-09-30,1,-0.128,0,0,0,0,0,0,0,0,0,0
2018-09-25,2018-09-25,1,0.0,0,0,0,0,0,0,0,0,0,0
2018-09-22,2018-09-22,2,0.5845,0,0,0,0,0,0,0,0,0,0
2018-09-19,2018-09-19,2,0.61725,0,0,0,0,0,0,0,0,0,0
2018-09-18,2018-09-18,2,0.1591,0,0,0,0,0,0,0,0,0,0
2018-09-17,2018-09-17,1,-0.228,0,0,0,0,0,0,0,0,0,0
2018-09-14,2018-09-14,1,0.0,0,0,0,0,0,0,0,0,0,0
2018-09-10,2018-09-10,1,0.0,0,0,0,0,0,0,0,0,0,0
2018-09-07,2018-09-07,1,-0.296,0,0,0,0,0,0,0,0,0,0
2018-09-06,2018-09-06,3,-0.27453333333333335,0,0,0,0,1,0,0,0,0,0
2018-09-04,2018-09-04,1,0.0,0,0,0,0,0,0,0,0,0,0
2018-09-03,2018-09-03,1,0.765,0,0,0,0,1,0,0,0,0,0
2018-09-02,2018-09-02,2,0.2202,0,0,0,0,0,0,0,0,0,0
2018-08-31,2018-08-31,3,-0.1589,0,0,0,1,0,0,0,0,0,0
2018-08-30,2018-08-30,4,0.23299999999999998,0,0,0,0,0,0,0,0,0,0
2018-08-29,2018-08-29,1,0.25,0,0,0,0,0,0,0,0,0,0
2018-08-28,2018-08-28,1,0.5719,0,0,0,0,0,0,0,0,0,0
2018-08-27,2018-08-27,1,0.3182,0,0,0,0,0,0,0,0,0,0
2018-08-25,2018-08-25,3,0.13513333333333333,0,0,0,0,0,0,0,0,0,0
2018-08-24,2018-08-24,1,-0.3412,0,0,0,0,0,0,0,0,0,0
2018-08-23,2018-08-23,4,0.219575,0,0,0,0,0,0,0,0,0,0
2018-08-22,2018-08-22,1,0.4019,0,0,0,0,0,0,0,0,0,0
2018-08-20,2018-08-20,1,0.0,0,0,0,0,0,0,0,0,0,0
2018-08-19,2018-08-19,1,-0.34,0,0,0,0,0,0,0,0,0,0
2018-08-17,2018-08-17,3,-0.5272,0,0,0,0,0,0,0,0,0,0
2018-08-16,2018-08-16,1,0.8534,0,0,0,0,0,0,0,0,0,0
2018-08-15,2018-08-15,1,0.5719,0,0,0,0,0,0,0,0,0,0
2018-08-14,2018-08-14,2,0.0,0,0,0,0,0,0,0,0,0,0
2018-08-13,2018-08-13,1,0.0,0,0,0,0,0,0,0,0,0,0
2018-08-10,2018-08-10,1,0.3182,0,0,0,1,0,0,0,0,0,0
2018-08-09,2018-08-09,1,0.0,0,0,0,0,0,0,0,0,0,0
2018-08-08,2018-08-08,2,-0.6403,0,0,0,0,0,0,0,0,0,0
2018-08-07,2018-08-07,2,-0.07655,0,0,0,0,0,0,0,0,0,0
2018-08-06,2018-08-06,1,0.4019,0,0,0,0,0,0,0,0,0,0
2018-08-04,2018-08-04,1,0.4754,0,0,0,0,0,0,0,0,0,0
2018-08-03,2018-08-03,1,0.4404,0,0,0,0,0,0,0,0,0,0
2018-08-02,2018-08-02,3,0.28153333333333336,0,0,0,0,0,0,0,0,0,0
2018-08-01,2018-08-01,2,0.6242000000000001,0,0,0,0,0,0,0,0,0,0
2018-07-30,2018-07-30,4,0.07165,0,0,0,0,0,0,0,0,0,1
2018-07-28,2018-07-28,1,-0.296,0,0,0,0,0,0,0,0,0,0
2018-07-27,2018-07-27,2,-0.34735,0,0,0,1,0,0,0,0,0,0
2018-07-26,2018-07-26,1,0.6997,0,0,0,0,0,0,0,0,0,0
2018-07-25,2018-07-25,1,0.2484,0,0,0,0,0,0,0,0,0,0
2018-07-24,2018-07-24,1,0.0,0,0,0,0,0,0,0,0,0,0
2018-07-23,2018-07-23,2,0.20095,0,0,0,0,0,0,0,0,0,0
2018-07-21,2018-07-21,1,0.6808,0,0,0,0,0,0,0,0,0,0
2018-07-20,2018-07-20,1,0.7003,0,0,0,1,0,0,0,0,0,0
2018-07-19,2018-07-19,1,0.7096,0,0,0,0,0,0,0,0,0,0
2018-07-18,2018-07-18,2,-0.10109999999999997,0,0,0,0,0,0,0,0,0,0
2018-07-16,2018-07-16,1,0.5256,0,0,0,0,0,0,0,0,0,0
2018-07-11,2018-07-11,1,0.5888,0,0,0,0,0,0,0,0,0,0
2018-07-09,2018-07-09,1,-0.4215,0,0,0,0,0,0,0,0,0,0
2018-07-07,2018-07-07,1,-0.2263,0,0,0,0,0,0,0,0,0,0
2018-07-06,2018-07-06,1,0.6249,0,0,0,0,0,0,0,0,0,0
2018-07-04,2018-07-04,2,0.4511,0,0,0,0,0,0,0,0,0,0
2018-07-02,2018-07-02,2,0.11315,0,0,0,0,0,0,0,0,0,0
2018-07-01,2018-07-01,1,-0.6255,0,0,0,0,0,0,0,0,0,0
2018-06-29,2018-06-29,2,-0.39115,0,0,0,0,0,0,0,0,0,0
2018-06-28,2018-06-28,1,-0.5736,0,0,0,0,0,0,0,0,0,0
2018-06-25,2018-06-25,1,0.0,0,0,0,0,0,0,0,0,0,0
2018-06-23,2018-06-23,1,-0.3612,0,0,0,0,0,0,0,0,0,0
2018-06-21,2018-06-21,1,0.0,0,0,0,0,0,0,0,0,0,0
2018-06-20,2018-06-20,2,-0.3593,0,0,0,0,0,0,0,0,0,0
2018-06-19,2018-06-19,1,0.6369,0,0,0,0,0,0,0,0,0,0
2018-06-17,2018-06-17,2,0.3316,0,0,0,0,1,0,0,0,0,0
2018-06-16,2018-06-16,1,-0.1926,0,0,0,0,0,0,0,0,0,0
2018-06-15,2018-06-15,1,-0.8074,0,0,0,0,0,0,0,0,0,0
2018-06-13,2018-06-13,1,-0.1027,0,0,0,0,0,0,0,0,0,0
2018-06-11,2018-06-11,1,0.0,0,0,0,0,0,0,0,0,0,0
2018-06-10,2018-06-10,2,0.29295,0,0,0,0,0,0,0,0,0,0
2018-06-08,2018-06-08,2,-0.11080000000000001,0,0,0,0,0,0,0,0,0,0
2018-06-06,2018-06-06,2,0.0,0,0,0,0,0,0,0,0,0,0
2018-06-05,2018-06-05,1,0.5803,0,0,0,0,0,0,0,0,0,0
2018-06-04,2018-06-04,1,-0.25,0,0,0,0,0,0,0,0,0,0
2018-06-02,2018-06-02,2,-0.2553,0,0,0,0,0,0,0,0,0,0
2018-05-31,2018-05-31,2,-0.3587,0,0,0,0,0,0,0,0,0,0
2018-05-28,2018-05-28,2,0.1487,0,0,0,0,0,0,0,0,0,0
2018-05-27,2018-05-27,2,0.0,0,0,0,0,0,0,0,0,0,0
2018-05-24,2018-05-24,3,0.28750000000000003,0,0,0,0,0,0,0,0,0,0
2018-05-23,2018-05-23,3,0.143,0,0,0,0,0,0,1,0,0,0
2018-05-22,2018-05-22,2,0.87765,0,0,0,0,0,0,0,0,0,0
2018-05-21,2018-05-21,1,0.0,0,0,0,0,0,0,0,0,0,0
2018-05-18,2018-05-18,1,0.0,0,0,0,0,0,0,0,0,0,0
2018-05-17,2018-05-17,1,0.9645,0,0,0,0,0,0,0,0,0,0
2018-05-16,2018-05-16,2,0.42405,0,0,0,0,0,0,0,0,0,0
2018-05-15,2018-05-15,2,0.0,0,0,0,0,0,0,0,0,0,0
2018-05-14,2018-05-14,2,0.125,0,0,0,0,0,0,0,0,0,0
2018-05-10,2018-05-10,2,0.20095,0,0,0,0,0,0,0,0,0,0
2018-05-09,2018-05-09,1,0.0,0,0,0,0,0,0,0,0,0,0
2018-05-06,2018-05-06,2,-0.29415,0,0,0,0,0,0,0,0,0,0
2018-05-05,2018-05-05,1,0.7691,0,0,0,0,0,0,0,0,0,0
2018-05-03,2018-05-03,1,0.4939,0,0,0,0,1,0,0,0,0,0
2018-05-01,2018-05-01,2,0.0,0,0,0,0,0,0,0,0,0,0
2018-04-28,2018-04-28,1,0.2263,0,0,0,0,0,0,0,0,0,0
2018-04-27,2018-04-27,1,0.2263,0,0,0,0,0,0,0,0,0,0
2018-04-26,2018-04-26,4,0.16775,0,0,0,0,0,0,0,0,0,0
2018-04-24,2018-04-24,3,-0.0531,0,0,0,0,1,0,0,0,0,0
2018-04-23,2018-04-23,4,0.06415,0,0,0,0,0,0,0,0,0,0
2018-04-22,2018-04-22,2,-0.26335,0,0,0,0,0,0,0,0,0,0
2018-04-20,2018-04-20,4,0.123475,0,0,0,0,0,0,0,0,0,0
2018-04-19,2018-04-19,2,-0.05165,0,0,0,0,0,0,0,0,0,0
2018-04-18,2018-04-18,1,0.5696,0,0,0,0,0,0,0,0,0,0
2018-04-16,2018-04-16,2,0.5386500000000001,0,0,0,0,0,0,0,0,0,0
2018-04-15,2018-04-15,1,-0.296,0,0,0,0,1,0,0,0,0,0
2018-04-12,2018-04-12,1,0.0,0,0,0,0,0,0,0,0,0,0
2018-04-07,2018-04-07,1,0.4215,0,0,0,0,0,0,0,0,0,0
2018-04-02,2018-04-02,1,0.0,0,0,0,0,0,0,0,0,0,0
2018-03-30,2018-03-30,3,0.12363333333333333,0,0,0,0,0,0,0,0,0,0
2018-03-29,2018-03-29,1,0.0,0,0,0,0,0,0,0,0,0,0
2018-03-26,2018-03-26,1,0.2801,0,0,0,0,0,0,0,0,0,0
2018-03-25,2018-03-25,1,0.5244,0,0,0,0,0,0,0,0,0,0
2018-03-24,2018-03-24,1,0.3989,0,0,0,0,0,0,0,0,0,0
2018-03-23,2018-03-23,1,0.3182,0,0,0,0,0,0,0,0,0,0
2018-03-19,2018-03-19,1,0.3818,0,0,0,0,0,0,0,0,0,0
2018-03-18,2018-03-18,2,-0.43745,0,0,0,0,0,0,0,0,0,0
2018-03-15,2018-03-15,1,0.3612,0,0,0,0,0,0,0,0,0,0
2018-03-11,2018-03-11,1,-0.91,0,0,0,0,0,0,0,0,0,0
2018-03-10,2018-03-10,1,0.5411,0,0,0,0,0,0,0,0,0,0
2018-03-09,2018-03-09,2,0.37645,0,0,0,0,0,0,0,0,0,0
2018-03-07,2018-03-07,2,0.25465,0,0,0,0,0,0,0,0,0,0
2018-03-06,2018-03-06,2,0.125,0,0,0,0,1,0,0,0,0,0
2018-03-02,2018-03-02,2,0.13485000000000003,0,0,0,0,0,0,0,0,0,0
2018-03-01,2018-03-01,1,0.4019,0,0,0,0,0,0,0,0,0,0
2018-02-23,2018-02-23,2,0.2142,0,0,0,0,0,0,0,0,0,0
2018-02-22,2018-02-22,1,0.0,0,0,0,0,0,0,0,0,0,0
2018-02-20,2018-02-20,1,-0.2732,0,0,0,0,0,0,0,0,0,0
2018-02-19,2018-02-19,1,0.6486,0,0,0,0,0,0,0,0,0,0
2018-02-18,2018-02-18,1,0.0,0,0,0,0,0,0,0,0,0,0
2018-02-17,2018-02-17,1,0.3304,0,0,0,0,0,0,0,0,0,0
2018-02-16,2018-02-16,4,0.003824999999999995,0,0,0,0,0,0,0,0,0,0
2018-02-15,2018-02-15,1,-0.3612,0,0,0,1,0,0,0,0,0,0
2018-02-14,2018-02-14,3,0.24463333333333334,0,0,0,0,0,0,0,0,0,0
2018-02-13,2018-02-13,1,0.6369,0,0,0,0,0,0,0,0,0,0
2018-02-12,2018-02-12,2,-0.3239,0,0,0,0,0,0,0,0,0,0
2018-02-11,2018-02-11,2,-0.09620000000000004,0,0,0,0,0,0,0,0,0,0
2018-02-09,2018-02-09,1,0.0,0,0,0,0,0,0,0,0,0,0
2018-02-08,2018-02-08,2,0.13694999999999996,0,0,0,0,0,0,0,0,0,0
2018-02-07,2018-02-07,3,0.17793333333333336,0,0,0,0,0,0,0,0,0,0
2018-02-06,2018-02-06,5,0.1739,0,0,0,0,0,0,0,0,0,0
2018-02-05,2018-02-05,3,-0.27873333333333333,0,0,0,0,0,0,0,0,0,0
2018-02-04,2018-02-04,2,-0.005400000000000016,0,0,0,0,0,0,0,0,0,0
2018-02-03,2018-02-03,1,0.0,0,0,0,0,1,0,0,0,0,0
2018-02-02,2018-02-02,1,0.2933,0,0,0,0,0,0,0,0,0,0
2018-02-01,2018-02-01,8,0.07768749999999999,0,0,0,0,0,0,0,0,0,0
2018-01-31,2018-01-31,3,0.28773333333333334,0,0,0,0,1,0,0,0,0,0
2018-01-30,2018-01-30,4,-0.213175,0,0,0,0,0,0,0,0,0,0
2018-01-29,2018-01-29,1,0.3597,0,0,0,0,1,0,0,0,0,0
2018-01-28,2018-01-28,3,0.5451,0,0,0,0,0,0,0,0,0,0
2018-01-26,2018-01-26,2,-0.366,0,0,0,0,0,0,0,0,0,0
2018-01-25,2018-01-25,1,-0.296,0,0,0,0,0,0,0,0,0,0
2018-01-23,2018-01-23,3,0.34600000000000003,0,0,0,0,0,0,0,0,0,0
2018-01-20,2018-01-20,2,0.0,0,0,0,0,0,0,0,0,0,0
2018-01-19,2018-01-19,2,0.0852,0,0,0,0,0,0,0,0,0,0
2018-01-18,2018-01-18,1,0.5106,0,0,0,0,0,0,0,0,0,0
2018-01-17,2018-01-17,6,0.1206,0,0,0,0,0,0,0,0,0,0
2018-01-16,2018-01-16,6,0.12798333333333334,0,0,0,0,0,0,0,0,0,0
2018-01-15,2018-01-15,2,-0.6810499999999999,0,0,0,0,0,0,0,0,0,0
2018-01-14,2018-01-14,1,0.6981,0,0,0,0,0,0,0,0,0,0
2018-01-13,2018-01-13,3,0.08183333333333333,0,0,0,0,0,0,0,0,0,0
2018-01-12,2018-01-12,2,0.0,0,0,0,0,0,0,0,0,0,0
2018-01-11,2018-01-11,1,0.3147,0,0,0,0,0,0,0,0,0,0
2018-01-10,2018-01-10,1,-0.1779,0,0,0,0,0,0,0,0,0,0
2018-01-09,2018-01-09,4,-0.20475,0,0,0,0,0,0,0,0,0,0
2018-01-08,2018-01-08,1,-0.296,0,0,0,0,0,0,0,0,0,0
2018-01-07,2018-01-07,1,0.7579,0,0,0,0,0,0,0,0,0,0
2018-01-06,2018-01-06,2,0.42895,0,0,0,0,0,0,0,0,0,0
2018-01-05,2018-01-05,1,-0.2732,0,0,0,0,0,0,0,0,0,0
2018-01-04,2018-01-04,3,0.6777000000000001,0,0,0,0,0,0,0,0,0,0
2018-01-03,2018-01-03,1,0.34,0,0,0,0,0,0,0,0,0,0
2017-12-31,2017-12-31,1,0.8402,0,0,0,0,0,0,0,0,0,0
2017-12-29,2017-12-29,1,0.2382,0,0,0,0,0,0,0,0,0,0
2017-12-28,2017-12-28,1,0.2617,0,0,0,0,0,0,0,0,0,0
2017-12-26,2017-12-26,1,0.5106,0,0,0,0,0,0,0,0,0,0
2017-12-25,2017-12-25,2,0.43320000000000003,0,0,0,0,0,0,0,0,0,0
2017-12-24,2017-12-24,2,-0.3697,0,0,0,0,0,0,0,0,0,0
2017-12-23,2017-12-23,4,0.385925,0,0,0,0,0,0,0,0,0,0
2017-12-22,2017-12-22,5,0.23567999999999997,0,0,0,0,1,0,0,0,0,0
2017-12-21,2017-12-21,6,0.15453333333333333,0,0,0,0,0,0,0,0,0,0
2017-12-20,2017-12-20,2,0.35524999999999995,0,0,0,0,0,0,0,0,0,0
2017-12-19,2017-12-19,2,0.05135,0,0,0,0,0,0,0,0,0,0
2017-12-18,2017-12-18,1,0.2568,0,0,0,0,0,0,0,0,0,0
2017-12-17,2017-12-17,2,0.5095,0,0,0,0,0,0,0,0,0,0
2017-12-15,2017-12-15,2,0.05135,0,0,0,1,0,0,0,0,0,0
2017-12-12,2017-12-12,5,0.42548,0,0,0,0,0,0,0,0,0,0
2017-12-11,2017-12-11,5,0.06108000000000001,0,0,0,1,0,0,0,0,0,0
2017-12-10,2017-12-10,5,0.6049599999999999,0,0,0,0,0,0,0,0,1,0
2017-12-09,2017-12-09,6,0.040449999999999986,0,0,0,0,0,0,0,0,0,0
2017-12-08,2017-12-08,6,0.14034999999999997,0,0,0,1,0,0,0,0,0,0
2017-12-07,2017-12-07,5,0.052539999999999996,0,0,0,0,0,0,0,0,0,0
2017-12-06,2017-12-06,6,0.17813333333333334,0,0,0,1,0,0,0,0,0,0
2017-12-04,2017-12-04,1,0.7615,0,0,0,0,0,0,0,0,0,0
2017-12-01,2017-12-01,1,0.0772,0,0,0,0,0,0,0,0,0,0
2017-11-29,2017-11-29,8,0.04403749999999999,0,0,0,1,0,0,0,0,0,0
2017-11-28,2017-11-28,1,0.4404,0,0,0,0,0,0,0,0,0,0
2017-11-27,2017-11-27,7,0.5321571428571428,0,0,0,0,0,0,0,0,0,0
2017-11-23,2017-11-23,1,0.0,0,0,0,1,0,0,0,0,0,0
2017-11-20,2017-11-20,1,-0.7983,0,0,0,0,0,0,0,0,0,0
2017-11-18,2017-11-18,1,0.0,0,0,0,0,0,0,0,0,0,0
2017-11-17,2017-11-17,2,0.5362,0,0,0,0,0,0,0,0,0,0
2017-11-16,2017-11-16,3,0.5007,0,0,0,0,0,0,0,0,0,0
2017-11-15,2017-11-15,2,0.48660000000000003,0,0,0,0,0,0,0,0,0,0
2017-11-14,2017-11-14,7,0.3024428571428572,0,0,0,0,0,0,0,0,0,0
2017-11-13,2017-11-13,3,-0.16363333333333335,0,0,0,0,0,0,0,0,0,0
2017-11-12,2017-11-12,2,0.23835,0,0,0,0,0,0,0,0,0,0
2017-11-11,2017-11-11,1,0.4404,0,0,0,0,0,0,0,0,0,0
2017-11-10,2017-11-10,4,-0.0548,0,0,0,0,0,0,0,0,0,0
2017-11-08,2017-11-08,1,0.1779,0,0,0,0,0,0,0,0,0,0
2017-11-06,2017-11-06,1,0.0,0,0,0,0,0,0,0,0,0,0
2017-11-03,2017-11-03,2,0.0,0,0,0,0,0,0,0,0,0,0
2017-11-02,2017-11-02,3,0.08243333333333332,0,0,0,0,0,0,0,0,0,0
2017-11-01,2017-11-01,1,0.4574,0,0,0,0,0,0,0,0,0,0
2017-10-31,2017-10-31,1,0.7865,0,0,0,1,0,0,0,0,0,0
2017-10-28,2017-10-28,1,0.8356,0,0,0,0,0,0,0,0,0,0
2017-10-25,2017-10-25,2,-0.28914999999999996,0,0,0,0,0,0,0,0,0,0
2017-10-24,2017-10-24,4,0.07955,0,0,0,0,0,0,0,0,0,0
2017-10-22,2017-10-22,1,0.5106,0,0,0,0,0,0,0,0,0,0
2017-10-21,2017-10-21,3,-0.26720000000000005,0,0,0,0,0,0,0,0,0,0
2017-10-20,2017-10-20,1,0.0,0,0,0,0,0,0,0,0,0,0
2017-10-17,2017-10-17,1,0.0,0,0,0,0,0,0,0,0,0,0
2017-10-13,2017-10-13,1,0.0,0,0,0,0,0,0,0,0,0,0
2017-10-12,2017-10-12,1,0.0,0,0,0,0,0,0,0,0,0,0
2017-10-10,2017-10-10,3,0.0,0,0,0,0,0,0,0,0,0,0
2017-10-09,2017-10-09,1,0.6124,0,0,0,0,0,0,0,0,0,0
2017-10-07,2017-10-07,1,0.5574,0,0,0,0,0,0,0,0,0,0
2017-10-06,2017-10-06,1,0.9167,0,0,0,0,0,0,0,0,0,0
2017-10-04,2017-10-04,1,0.9167,0,0,0,0,0,0,0,0,0,0
2017-10-02,2017-10-02,1,0.9167,0,0,0,0,0,0,0,0,0,0
2017-09-28,2017-09-28,4,0.38304999999999995,0,0,0,0,0,0,0,0,0,0
2017-09-26,2017-09-26,1,0.9167,0,0,0,0,0,0,0,0,0,0
2017-09-23,2017-09-23,1,-0.1779,0,0,0,0,0,0,0,0,0,0
2017-09-16,2017-09-16,2,-0.018500000000000016,0,0,0,0,0,0,0,0,0,0
2017-09-15,2017-09-15,2,0.14075,0,0,0,0,0,0,0,0,0,0
2017-09-13,2017-09-13,1,0.0,0,0,0,0,0,0,0,0,0,0
2017-09-11,2017-09-11,1,0.0,0,0,0,0,0,0,0,0,0,0
2017-09-07,2017-09-07,1,0.0,0,0,0,0,0,0,0,0,0,0
2017-09-06,2017-09-06,2,0.0,0,0,0,0,0,0,0,0,0,0
2017-09-05,2017-09-05,1,0.5574,0,0,0,0,0,0,0,0,0,0
2017-09-04,2017-09-04,1,0.0,0,0,0,0,0,0,0,0,0,0
2017-09-03,2017-09-03,1,0.5859,0,0,0,0,0,0,0,0,0,0
2017-08-23,2017-08-23,1,-0.5983,0,0,0,0,0,0,0,0,0,0
